FIRST NAME ,LAST NAME,USERNAME ,PASSWORD ,EMAIL ADDRESS,PHONENUMBER
Frank,Riley,friley,changeme,friley@kanab.org,123-456-7890
Steve,Brannigan,sbrannigan,changeme,sbrannigan@kanab.org,123-456-7890
Marie,Ambrose,mambrose,changeme,mambrose@kanab.org,123-456-7890
Frank,Brannigan,friley,changeme,friley@kanab.org,123-456-7890
Steve,Ambrose,sbrannigan,changeme,sbrannigan@kanab.org,123-456-7890
Marie,Brannigan,mambrose,changeme,mambrose@kanab.org,123-456-7890
Frank,Ambrose,friley,changeme,friley@kanab.org,123-456-7890
Steve,Brannigan,sbrannigan,changeme,sbrannigan@kanab.org,123-456-7890
Marie,Ambrose,mambrose,changeme,mambrose@kanab.org,123-456-7890
Frank,Brannigan,friley,changeme,friley@kanab.org,123-456-7890
Steve,Ambrose,sbrannigan,changeme,sbrannigan@kanab.org,123-456-7890
Marie,Brannigan,mambrose,changeme,mambrose@kanab.org,123-456-7890
Frank,Ambrose,friley,changeme,friley@kanab.org,123-456-7890
Steve,Brannigan,sbrannigan,changeme,sbrannigan@kanab.org,123-456-7890
Marie,Brannigan,mambrose,changeme,mambrose@kanab.org,123-456-7890
Frank,Ambrose,friley,changeme,friley@kanab.org,123-456-7890
